gmag,ra,dec,plx,bp_rp,lum_val,teff_val,radius_val
15.684173,58.45209641,23.48577819,3.486629926,2.1924276,0.062332526,3797,0.57693756
7.4981666,55.93009553,25.08050151,8.027063451,0.18891335,,8337.333,
16.102013,57.17084229,23.23797911,8.509836138,3.116683,,3838.1667,
12.923352,56.99900482,24.73109286,6.493298083,1.5911531,0.15626729,4456.165,0.66322994
16.45421,55.8657594,24.27060422,2.675074734,2.3462887,0.050943777,3830.01,0.51262337
17.576437,56.24788638,23.35488692,7.922717011,3.2170334,,,
18.08716,56.93360285,24.06548422,3.298008665,2.0310574,,,
12.179868,55.67669286,23.50264426,8.294176012,1.3694553,0.16585155,4861.035,0.574189
17.113106,54.98906733,23.32825844,8.29487984,3.1361294,,,
16.721306,55.3328351,25.11350474,8.240225719,2.951972,,4581.62,
14.584626,55.7865409,23.25183763,4.447532033,1.8732138,0.085902296,4112.1074,0.5774656
3.6412394,56.21900086,24.11313909,8.704054073,-0.088436365,,9329.667,
4.236967,56.30215999,24.46706985,8.96905582,-0.11660576,,9164,
18.33805,55.79908528,25.52540862,8.325765049,3.4552116,,,
15.031692,57.50659156,25.40029936,8.547721421,2.5932522,,3466.25,
4.090774,56.58166916,23.94815019,9.478144378,-0.02794981,,9145.333,
9.9920635,56.54194201,23.33979808,8.131807477,0.80635834,1.1342697,5775,1.0639148
9.312448,56.42257403,24.28839748,7.762786109,0.7296572,2.3001885,6020.8667,1.3938509
8.538714,56.55296896,23.12832466,12.6746841,0.75563335,1.7630941,5969.3335,1.2414771
10.568231,56.0177907,24.98962351,7.675576054,0.87180996,0.76424956,5518,0.9565482
8.005559,56.35902448,24.03495124,7.384428664,0.31556606,8.66476,7696,1.6557729
15.346717,55.86244198,24.45258437,6.182353941,2.757516,,4021.8826,
8.112242,56.1072562,24.39450367,7.952291144,0.38979816,6.634721,7291.85,1.6139442
16.676153,56.51536129,25.8745249,7.984248962,3.0668116,,3642.9402,
16.824377,56.11465573,24.23791792,8.11898485,2.9782143,,4387.69,
13.302774,56.11385208,24.84376374,7.584187079,2.0216541,0.12242076,3744.6934,0.8312806
13.31963,57.03204486,25.3150932,7.607815273,1.7250109,0.08632085,4267,0.5376074
18.993423,56.70237978,23.16586532,7.407238057,3.5701103,,,
16.287066,57.48657863,25.37280627,8.654446967,2.7120495,,3847.32,
12.900635,56.11678954,24.17134985,8.99296613,1.6759357,0.091391325,4256,0.5560347
17.203575,55.46806666,24.69916623,8.032535154,3.1700697,,,
17.134892,57.91290233,23.36773674,8.236081364,3.1198816,,,
18.792948,56.09692029,25.64566229,8.346712385,3.956293,,,
11.8450365,56.05315825,24.03159793,7.037055815,1.2904806,0.30697253,4948.6133,0.753764
14.103501,55.5787435,23.9893286,4.60827531,1.7378521,0.11685198,4224.947,0.63801104
15.142637,55.79070302,24.6923206,7.585667115,2.6377316,,3906.6497,
14.174072,56.47415454,24.4689132,10.73593337,2.4659548,0.035288427,3408,0.53885216
8.635171,56.64521253,25.84366469,6.410912707,0.4993515,6.2493443,6906.455,1.7460613
13.58171,57.39555213,23.45446495,6.660031089,1.8976984,0.10906695,3919,0.71638864
5.1857038,57.29682771,24.13650491,7.722945189,-0.043393612,,9438,
15.746865,55.01510181,24.50064009,8.035242142,2.709834,,3560,
18.189053,56.45598924,23.95147463,7.57157606,2.2930508,,,
19.731743,56.4220349,23.90257887,7.444402282,1.6384544,,,
13.545067,58.09386207,23.64466978,7.877838579,1.8461952,0.0787066,3954.71,0.59762526
18.58027,57.1466877,22.89491452,6.93866411,2.8851128,,,
14.508764,57.10859118,25.2444972,7.507984619,2.2244005,,3792.8625,
17.232534,57.21119076,23.07486855,7.744793077,3.223445,,,
15.011136,57.82951996,24.17013183,7.669624457,2.489458,,3476.25,
9.967809,57.49118051,23.84795415,7.262145481,,,,
13.971644,56.87006566,22.37642991,6.934395535,2.090582,0.0812063,3706.6667,0.69100374
16.065794,57.42804185,24.31857501,7.388972892,3.0133867,,4287.5835,
16.24579,58.44830554,23.74174841,7.907512122,2.95463,,4095.52,
17.456938,56.13412079,25.13660095,7.575432003,3.0992317,,,
17.594662,57.49313763,25.10567715,7.428027499,3.2687092,,,
15.366779,56.03026858,22.92844874,0.926216091,1.0934544,0.67071784,5093.607,1.0516512
17.586649,55.87463443,24.65640329,7.590752934,3.156273,,,
18.277685,56.11334408,24.84496114,7.385471109,3.0548725,,,
12.989554,56.2091705,24.9109169,7.445933006,1.564805,0.11357483,4419.6465,0.57480246
17.226929,56.31516478,25.28971345,7.011595215,1.4050503,,,
16.958197,56.90697029,24.40625856,7.270159766,3.1563816,,4063.6497,
17.56516,56.792589,24.72635666,3.567149511,2.7182178,,,
13.431323,56.52195259,22.98142588,7.558974835,1.774396,0.0860909,4110.893,0.5784408
15.820007,56.0686536,23.61763736,7.436534038,2.9358244,,4020.07,
13.964578,57.09488452,23.97235136,8.340781349,2.2302809,0.064261176,3530.3333,0.6776346
17.065607,58.14723678,25.01779529,7.472815327,3.3878908,,4271.2534,
15.105629,56.31946225,24.57548772,7.772687312,2.5176582,,3381.6667,
17.75966,55.67556282,25.1967078,7.345238995,3.393961,,,
13.590288,55.51592231,24.71254241,7.632120934,1.9441614,,4460,
14.159261,56.0970549,24.13238387,7.201051863,1.275795,,5143.45,
18.045433,58.45023153,23.8191883,7.83059124,3.6538582,,,
18.35502,58.29021553,23.56311962,7.328308478,3.4680977,,,
18.095575,58.60004534,23.8661864,8.144625038,3.2835617,,,
16.82563,57.03734791,23.70633652,7.449435939,3.0578432,,4181.373,
17.483944,56.28775178,25.37478947,7.543515834,3.5097313,,,
17.366652,55.86444028,22.62795052,8.023039923,3.0567398,,,
11.738894,55.95431391,25.72941775,7.567568944,1.1642485,0.29382196,4932.27,0.7423369
13.333311,57.33572313,25.81782611,7.686985778,1.7308359,0.08613838,4208.3335,0.55211645
13.783011,55.98213025,24.42621092,7.547522746,1.911253,0.07467317,3835,0.6190193
17.68397,57.17794355,24.45524694,7.964751907,3.192793,,,
14.806614,56.60587054,24.1599254,7.644526536,2.5330095,0.0368229,3473.75,0.5298031
16.61386,58.04731205,24.93001596,7.680566728,-0.43055725,,8868.667,
15.639577,56.84583001,24.84875863,7.889348754,2.781474,,3615.55,
17.957184,56.49136901,24.14455067,7.688198738,2.7209473,,,
15.64461,55.89679968,25.40846707,7.664479745,2.6675653,,3526.3333,
15.788972,57.0951199,24.81470018,7.363327602,2.7020779,,3838.1902,
16.285,57.53514575,25.54866548,7.745694344,2.910325,,4354.8965,
17.175005,55.38008972,24.0567437,7.944581255,3.1458473,,,
19.089773,57.05965094,24.26389682,6.487196911,2.8623142,,,
15.724115,57.2541982,24.90261434,7.458812522,2.78784,,3915.08,
7.6915026,57.29699835,22.60926456,7.487662181,0.24174976,,8118,
11.588625,56.65747999,24.74748435,7.603623324,1.1175804,0.32822162,5013.48,0.7593774
6.786959,56.74758189,24.51991992,7.05978635,0.045104027,,9256.667,
15.002328,56.72344417,24.28730077,7.320247168,2.7143078,,3904.6667,
18.142078,58.21587005,23.56320796,8.019335868,3.532732,,,
15.368034,55.90555296,25.40879275,7.583578073,2.5916357,,3533.9465,
17.092678,56.96658172,23.66318229,7.609715391,3.067627,,,
12.527379,58.6165859,23.83518131,7.531392366,1.7062473,0.1878236,4215,0.8127043
15.765555,54.95000104,23.84895166,7.695993026,2.9542532,,4323.073,
5.4132123,57.08682897,23.42104595,7.722394309,-0.07732582,,8561.333,
17.321552,56.66843111,22.84419106,7.362524427,3.1900597,,,
15.725168,56.78401198,24.30663688,7.234677458,2.7286339,,4190.813,
15.693411,56.30039588,24.50489785,7.96043033,2.6311283,,3844.01,
17.552858,57.67176092,25.65831371,7.286575089,3.1270332,,,
14.628149,56.37602672,24.31245144,7.365425008,2.2249298,,4147.31,
17.627504,57.96486082,23.58017751,7.528717479,3.2733173,,,
10.699402,57.20405883,24.26718036,6.966932356,1.0752592,0.8772346,5066.4136,1.2156519
15.280206,56.40822998,24.33414212,7.897739784,1.0269299,,5095.6333,
18.517683,55.84406231,23.01553486,7.147798171,3.6704388,,,
17.936346,56.75985184,23.54316676,7.553948971,3.231165,,,
15.46663,56.10672542,24.68116623,7.871959523,2.7298212,,4190.813,
10.400532,56.43515234,24.22011205,7.431570318,0.9301739,0.9622572,5413,1.1153783
10.038034,56.65709372,23.78751612,7.399871171,0.9086571,1.3377335,5535,1.2577728
18.309292,57.02080575,23.4035836,7.127916518,3.0712452,,,
16.769592,56.86851392,24.67570305,7.30203582,2.8946505,,4216.5034,
18.726257,56.40738745,23.73043765,7.557490627,2.3246841,,,
17.561867,57.52090694,23.3046443,7.482364502,3.1743813,,,
16.100794,55.72227265,23.5185633,7.413470477,2.8311272,,3881.0967,
11.159633,57.36985457,23.7119862,7.491162785,1.0139475,0.47982332,5267,0.8318915
17.554266,57.7392221,24.41221336,7.288521715,3.4113579,,,
13.170188,56.09618035,24.06810157,7.498262012,1.750556,0.1206191,3980,0.7304568
16.707539,57.72778185,24.36533322,7.442459775,2.928543,,4412.937,
18.083727,58.14404586,24.42271813,2.318150888,2.7573566,,,
13.280696,56.91832314,24.30174306,7.427570101,1.7155895,0.09327064,4279.4565,0.5555816
16.897171,55.10681123,24.09988621,7.899789421,3.0546484,,4419.4497,
11.20334,55.89348889,23.7617201,7.235269981,1.073657,0.508554,5094.75,0.9153252
15.943587,56.10293822,24.86466354,7.013173551,2.9824648,,4462.17,
14.00927,56.53138354,24.37418442,7.402728292,1.9494629,0.059395682,3922.695,0.5276683
17.376783,57.2033319,23.41318792,7.302165132,3.1891842,,,
13.437666,57.31420071,24.56707866,7.39099915,1.8035431,0.099386774,3944.6667,0.6749884
18.02713,57.38805831,24.21780552,7.502088704,3.1012268,,,
16.529697,58.0069191,25.02463031,7.517868029,2.961524,,3355.1533,
17.042696,56.82561545,24.23078672,7.855573652,3.1366158,,3494.5,
15.953997,56.6503599,23.07129978,7.664262694,2.8708248,,3881.5225,
17.457302,56.41252794,23.95012434,7.533409301,2.7540264,,,
11.9679785,56.66777397,23.49754171,7.220920106,1.4365625,0.29742023,4515,0.89129686
10.101808,56.66165617,24.9594434,7.310854997,0.8084307,1.2597905,5900.25,1.0741402
17.344501,56.10458383,25.56761645,7.249267871,3.4305868,,,
17.032705,55.75590132,23.49167084,7.490900315,2.9914885,,4436.527,
18.847902,57.57983121,24.27597009,7.884171016,3.4251842,,,
16.492743,57.89173531,24.56899775,7.636485734,2.9681644,,3995.5137,
16.431084,57.63790659,24.3392128,7.597076688,2.854908,,3702.555,
15.28962,55.6194655,25.01660209,7.443178193,2.5329094,,3674.9402,
13.387124,56.2457434,23.38873548,7.538889452,1.7275953,0.08743717,4162.6626,0.5685364
13.452196,57.5211399,24.12375735,7.419926694,1.7299442,,4374.37,
17.290194,54.95217177,23.76760209,7.642061127,3.189165,,,
16.635918,56.63057434,22.30531685,7.273367609,3.1781816,,3978.505,
12.702542,56.52886151,24.56261163,7.361842907,1.4580269,0.14674483,4493,0.6322098
15.485618,57.73598113,25.58492369,7.89178137,2.8658495,,3978.1648,
17.324587,57.18905627,24.62380211,7.201266765,3.1689005,,,
14.28843,56.54129942,24.6734006,7.357909287,2.3871126,0.05949235,3569.3333,0.637836
17.550318,56.82565241,24.23056791,7.703831388,,,,
19.584877,56.91263947,24.60601974,7.684512202,2.862135,,,
17.068518,56.49673454,23.81287381,7.401407863,2.5460138,,3902.24,
16.624432,56.6966887,25.34795003,7.560941595,3.1732616,,3770.21,
10.740429,57.07380761,25.04764714,7.46225637,0.92820644,0.6913322,5498.5,0.9162365
17.12921,55.73575274,24.22917686,7.442433828,3.054555,,,
15.634587,55.16690192,24.735687,7.545609192,2.639453,,3679,
16.907084,56.97574366,22.65694797,7.482742475,3.0391808,,4139.71,
17.422443,56.63472426,25.85703059,6.725252208,3.2384748,,,
16.543236,57.03844547,23.97779268,7.217751626,2.8319874,,3761.8276,
18.433237,56.8428748,24.28314321,7.637957407,2.8286533,,,
17.724627,54.98011326,24.21490249,7.838339025,3.230608,,,
13.877122,55.41502822,23.76289001,7.542518972,1.8991327,,4106.0474,
15.678291,55.80058653,24.74575324,7.394179867,2.9518995,,4258.297,
9.191837,56.66398645,24.10300109,7.418396936,0.6303797,2.7893677,6512.5254,1.3119179
15.29036,57.24294286,23.09402775,7.291733342,2.5239925,0.029779118,3312,0.5241166
16.765978,57.02676259,24.11421376,7.392663196,2.8223267,,4286.8433,
16.688013,56.93623949,22.39796924,7.431077137,3.1427193,,3713.9001,
19.353052,56.77385708,24.66753315,7.246833099,2.8314495,,,
15.087918,57.09445982,22.87248381,7.638029848,2.5017557,,3692,
14.498398,58.00955204,24.36314459,6.57240741,1.9885015,,4084,
16.562204,56.25481621,24.77791433,7.417320599,2.938613,,4648.69,
16.476185,56.28627132,22.64163774,7.243881878,2.9776,,4462.4697,
18.795918,58.23308242,24.96147813,7.163782991,3.4964905,,,
15.487885,58.55428367,23.34727617,7.782648165,2.623211,,3652,
13.489934,55.51624698,24.71231557,8.360616133,1.8464708,,4568.75,
13.485077,57.85567763,23.88917827,7.343075153,1.7526941,0.081739046,4216,0.53587836
9.288032,56.6667443,23.11013055,7.261209262,0.6489811,2.667597,6365.25,1.3430179
15.680554,56.69080595,25.45825481,7.504523346,2.727644,,4088.84,
17.075756,56.88397273,24.40494395,7.470183334,2.877118,,,
19.072916,55.98342457,25.60689252,6.919322653,3.503025,,,
16.825598,56.81861061,24.74713358,6.805153905,3.301467,,4539.92,
18.177454,56.46297059,24.43624308,7.289079032,2.0690575,,,
16.688633,55.07859449,23.90637863,7.43856225,2.9540339,,4619.04,
16.57762,56.81416491,23.43481859,7.114856621,2.9823294,,4462.4697,
15.349448,57.55422883,24.35182422,6.994192806,,,,
17.51333,57.53599234,24.67146342,7.193557608,3.0711346,,,
6.7984514,56.8728112,24.28813676,7.166029341,0.1070447,,8884.333,
13.597135,58.61863911,24.32093667,7.348691749,1.7922897,0.07704703,4135.49,0.5407252
16.101727,57.27475281,23.10592414,7.37539674,2.8650742,,3921.4849,
14.990769,57.85786624,24.79395899,7.45753677,2.7165966,,3893.6477,
14.440887,55.77315196,24.82441747,7.214996616,2.5287046,0.055880416,3518.7148,0.6360838
18.056498,55.51484461,25.32146689,7.970198139,3.6955643,,,
16.298235,56.89244237,25.71817127,7.459648798,2.8961077,,3961.8264,
16.569078,57.3867671,25.79621761,7.300648933,2.9173527,,3927.47,
15.512853,56.09757763,25.35817286,7.978747485,2.8863144,,4127.3647,
16.449276,55.90245895,23.20932703,8.010258931,3.097334,,4287.5835,
15.525212,57.16636069,24.21171903,7.099758096,2.5934458,,3915.97,
16.562424,56.74789579,24.87934033,7.24057077,3.188634,,4065,
10.6272955,55.9518164,25.1898679,7.641885582,1.0561934,0.7599631,5206.13,1.071566
17.728218,55.02968575,24.21745659,7.285566392,3.2724953,,,
15.659837,56.46907372,25.86157593,6.574257156,,,,
12.802538,56.1560513,25.13759096,7.565130094,1.5158587,0.12718314,4484.3364,0.59084153
11.192917,56.04683049,23.3791258,7.479148239,1.0491371,0.48294327,5068.6665,0.9011836
17.13806,56.65986537,25.55502273,1.693549928,2.0105877,,,
19.648684,56.21849241,24.61360114,8.690678909,2.6337852,,,
16.281382,57.16854808,24.60929807,7.242752647,2.9242535,,4147.3477,
18.055698,56.44549549,23.88329399,7.433292077,2.5110378,,,
11.907715,57.42624241,24.46280621,7.490018099,1.1980419,0.2594427,4889.265,0.709882
19.256031,56.47994706,22.8584623,8.878833622,2.9888058,,,
10.697075,57.91861228,24.98296932,7.403034096,0.9161043,0.7355475,5441.2,0.96509176
14.82013,56.87755178,24.37034111,7.36366617,2.3304596,,3747.645,
16.155901,56.19731023,24.01034494,7.757879586,2.698223,,3560,
14.965404,57.12947017,24.28127956,7.165317449,2.4309053,0.039697684,3364,0.5865746
16.024557,57.03323238,23.73971533,7.482147579,2.7911282,,3823.03,
12.0959635,57.82036807,23.82640608,7.320482856,1.2459354,0.22204721,5010.75,0.6252732
12.572007,56.0913737,24.76821318,7.342111248,1.4118891,0.16132994,4573,0.63989353
17.476173,55.41606906,24.87487196,7.605834305,3.1974297,,,
16.474865,57.25630434,24.19380816,7.05349512,2.8738222,,3904.36,
17.34021,57.35676453,23.0471137,7.665073763,3.1230888,,,
17.280577,57.09972203,23.13547803,7.573290538,3.1035156,,,
15.455881,56.85754998,25.14231765,7.511472323,2.9464998,,3926.9834,
15.422022,58.29240441,23.05279726,7.385707541,2.5852604,,3945.335,
17.095518,55.68490588,23.10433067,7.657735749,3.1794567,,,
14.095937,57.80039396,23.93243671,7.482308497,2.0349836,0.06052644,3746,0.5841033
17.82589,56.2850799,23.41677523,7.612739936,3.178276,,,
16.980083,58.01499937,25.02031514,7.399897079,2.9961643,,4443.76,
17.115084,57.91337917,23.85492163,7.451215415,3.2380285,,,
18.34101,56.12296909,22.42340484,7.880635263,3.4749298,,,
5.6231275,56.29067986,24.83906338,7.340473905,-0.093093395,,8383.25,
10.467337,56.0838019,24.79596754,7.424900458,0.8778496,0.9046081,5430.6875,1.074418
12.423114,56.52718625,24.56722812,7.333363589,1.3542929,0.16662127,4932,0.55907714
16.610567,55.67443749,24.00417582,7.358094607,2.8263378,,3740.3252,
16.427818,55.67670627,23.3389731,7.460810442,2.603817,,4968.6665,
14.449774,56.13321858,23.87521792,7.322054696,2.5094843,,3855.25,
14.7757015,56.94337573,24.05048815,7.724362943,2.2833033,,3981.2532,
17.232887,56.30484331,24.2564152,7.898458186,2.799594,,,
8.880561,56.27210738,23.70247235,7.349525524,0.544425,3.7859666,6707.242,1.4409637
16.58435,56.55779798,22.70531444,7.353767145,3.200327,,3438.0525,
13.716083,56.61936741,24.75879692,7.278199057,1.8498583,0.077136755,3985.6667,0.5824805
15.818492,57.80779666,25.38630873,7.56929699,2.7841282,,3921.1,
16.35583,55.00785091,24.77372099,7.613657352,2.8906364,,4051.355,
16.771818,55.70384906,23.58000959,7.286980179,3.0782614,,3675.6667,
9.75268,56.96895125,23.94103047,7.415387497,0.7135601,1.6815845,6003.3,1.1987591
11.190211,56.18336554,24.23100971,7.397034568,1.020093,0.49034435,5118,0.890641
5.7392497,56.47708147,24.5543117,7.565820862,-0.036770344,,9622.667,
17.804312,57.55255803,23.81341915,7.477830952,3.2695503,,,
16.534473,56.48744901,23.02458799,7.37474183,3.0116816,,4283.49,
15.09426,56.27224269,25.4862387,7.282985276,2.4537535,0.033776663,3375.75,0.53730446
15.82534,56.08703131,23.56093497,7.441898171,2.727435,,4059.725,
15.682003,56.16515009,24.52875787,7.415109123,2.70125,,3904.6667,
17.22947,55.93374391,25.66363204,7.844462344,3.1438608,,,
16.385756,57.76508924,24.54296295,7.605512353,2.9486809,,3944.7651,
16.84685,55.829292,22.78609921,7.475554366,3.0769014,,4468.0864,
11.165423,57.58886082,23.09615126,7.480336613,1.040019,0.48561892,5175.5,0.86675394
14.086656,58.35353498,23.40396394,7.778710543,2.3299932,0.05540892,3773.8901,0.5506352
16.799902,57.37428122,23.64852185,6.939547771,3.1283836,,4177.2573,
16.963535,55.8549142,22.89549867,7.523731739,3.0718641,,4344.07,
14.4285,55.13134217,23.55045515,7.444586091,2.1765623,0.050004873,3598,0.5754883
16.200775,56.23629463,23.6063888,7.226963696,2.8170948,,3654.2031,
16.786037,55.40530447,25.14227342,7.729348997,3.0199938,,4188.9834,
12.720613,57.98900484,23.33922774,7.383240331,1.4733028,0.1443063,4479,0.63086027
14.508215,56.73798514,23.25047687,7.293201077,2.205596,,3939.34,
19.392122,56.13477591,25.42151793,6.747208255,3.1644707,,,
18.465488,58.50165876,24.58038022,8.009368313,3.7455063,,,
19.427324,56.60879246,24.08581835,7.77692049,2.5204163,,,
16.329964,57.5078149,25.21122869,7.22675304,2.9425802,,3572,
12.204215,57.71443861,23.3288752,7.387685649,1.2771721,0.2032673,4883.05,0.6299471
13.571771,56.32570007,25.09934751,7.433264378,1.7743263,,4265.8027,
9.894127,57.10911288,24.04818882,7.379283401,0.7418165,1.4934982,5955.5,1.1479383
12.184739,58.5372401,24.33349563,7.694849311,1.3641243,0.20704985,4610,0.71332633
16.828213,57.32008857,24.01608438,7.258054119,2.8169699,,3685.875,
6.7892323,57.4919852,23.8484936,7.069858329,0.06536198,,8966.75,
16.632647,58.352144,25.03513989,7.44048418,3.1973753,,3634.9348,
16.852837,57.57597915,24.58747275,7.426696208,2.9139128,,4632.6636,
17.449757,57.14795394,24.2006989,6.986213707,3.1382694,,,
9.42555,55.92874871,23.59457686,7.771735777,0.69458866,2.0601935,6140.7,1.2681507
15.380517,57.3877461,24.53383906,7.367681922,2.5844145,,4128.945,
15.173921,55.93219599,24.48753898,7.440780136,2.514865,,3571.1133,
17.069649,56.83519487,22.36556975,7.311602049,3.254424,,,
10.409135,56.7289157,24.79614094,7.345342084,0.8434305,0.9644756,5536.5,1.0674012
16.300144,56.4698812,23.46488078,7.238298297,2.9091682,,4258.297,
16.897665,56.88191944,23.87182457,7.532811981,3.0387383,,4019.4797,
17.800526,57.0424515,23.98878742,7.126641273,3.0547695,,,
3.5312312,57.29068442,24.05321808,8.429236085,0.015699863,,8060,
18.735573,56.87336577,23.88023819,7.472892359,3.0209484,,,
13.723226,57.07213878,24.50422712,7.419886086,1.8564491,0.07423668,3975.6174,0.57431847
12.555491,56.89040947,24.68400321,7.401604154,1.4201279,0.15286799,4730.6333,0.5820662
18.628334,55.42678215,23.91570356,6.663172214,3.283804,,,
15.497737,57.17568367,25.00770276,7.164507644,2.6659927,,3672.75,
19.027298,55.37654735,25.28488641,6.692186449,3.6401062,,,
17.712336,57.31517748,23.38017638,7.398609463,3.3867836,,,
18.468126,57.71450863,22.66593626,7.195033881,3.4330368,,,
17.63766,57.42149868,23.24966441,8.129727385,3.4985256,,,
7.940643,57.35836524,24.24750283,7.355163034,0.24247551,,8244,
18.924982,56.21365771,23.57224684,6.818198936,3.2094746,,,
11.964892,56.66420575,24.02948625,7.350862524,1.2158127,0.24757218,5028,0.6557118
13.605987,56.55371919,24.05417756,7.308287231,1.8048096,0.08709062,3944,0.63206905
12.79014,56.30646279,25.08756727,7.4194223,1.4788561,0.13412043,4477.5,0.6085958
11.690341,55.76235953,24.66956454,7.442522674,1.141139,0.3140783,4982.033,0.75224334
17.131018,56.27089235,23.76829824,7.458444334,3.1761122,,,
15.955802,57.05744752,23.63299648,7.359041668,2.797223,,3701.4275,
16.03968,56.74397707,24.46092815,7.304423947,2.7735243,,4141.0273,
17.104467,56.85469651,24.25462706,7.482173721,2.9714556,,,
11.9505205,56.53250508,24.86669822,7.14857491,1.3309612,0.2788804,4819.0664,0.75759274
17.965046,55.8061466,24.18347631,7.876520943,3.1039524,,,
16.51389,55.96570868,24.2376294,7.203331346,3.066925,,4617.895,
17.255703,55.47065369,24.12342025,7.331615901,3.0684757,,,
10.273763,56.23507507,24.43241115,7.422778448,0.8384485,1.0559919,5692.88,1.0563769
16.719881,56.22547743,24.44617472,7.727678407,2.6823597,,3803.325,
16.18561,56.30188432,22.69731377,7.16323329,2.8487291,,3930.78,
17.747196,57.67568339,23.49239538,7.771215452,3.297533,,,
17.27423,55.16566912,24.73558932,7.699982119,3.1742926,,,
17.326775,56.36469256,23.63234686,7.580835991,2.8570576,,,
17.012058,56.16231627,23.04026392,7.327613161,3.105401,,4092.995,
18.871933,57.48676142,24.98515528,7.566010812,3.4183617,,,
14.573225,57.2744816,23.73959735,6.124078464,2.4493809,0.055038664,3828,0.53338736
15.438348,57.96319951,23.29461298,7.476603915,2.6210842,,3579,
8.874772,55.87212131,22.73461748,7.480255772,0.5872078,3.6759744,6775,1.3916187
17.490278,56.73053821,23.3802193,7.308737563,3.1740704,,,
17.480928,55.79854817,24.11443835,7.14662937,3.1884098,,,
17.947327,55.246982,25.19856824,7.356663085,3.3857021,,,
16.61972,57.9794345,23.9615457,7.377598586,2.9731474,,4562.91,
12.022059,57.66384056,25.393558,5.752130003,1.4815159,0.47078994,4386.75,1.1879016
14.688695,56.83687447,25.08657208,7.26088718,2.2992373,0.04285437,3550.6667,0.54705423
17.411617,55.86979424,24.15159275,7.598319218,3.0755615,,,
8.027895,56.00121818,24.55679934,7.41813732,0.27700853,,8137.5,
17.436497,56.90022088,23.47394479,7.501579423,3.079729,,,
18.17116,56.45815735,23.32897336,6.819050208,3.5256786,,,
16.375874,57.05551206,23.97952474,7.487740756,2.9545841,,4653.6724,
13.65518,57.30137355,23.22814686,7.379370635,1.82407,0.07390064,4102,0.53825176
15.944126,56.47921893,24.22373642,6.527650944,2.9405813,,4591.3003,
17.169415,58.51140891,23.58347844,7.285336442,3.1668892,,,
16.498743,58.59372879,23.63651913,7.617854403,2.951334,,4011.2275,
16.413292,57.36104366,22.84835907,7.261771245,2.9132442,,3747.655,
19.753675,57.59174822,23.9249322,7.873050459,2.7865963,,,
17.175806,56.25512359,25.35143434,7.22604389,3.0965986,,,
14.52739,57.25428493,22.98021823,7.312668303,2.2232208,,3900.95,
12.0192995,57.91374714,24.5487025,7.424763159,1.2379265,0.23373179,4969.76,0.65213984
12.879779,56.66214031,24.52011396,7.381538623,1.5260181,0.12965193,4388.3965,0.62291735
14.631091,56.52724045,23.83881582,7.141983015,2.2570276,,3704.0725,
15.81069,55.89232992,25.5904009,7.64942509,2.824771,,3756.4265,
17.58388,56.79601142,24.23081704,7.2153447,2.995018,,,
9.518376,57.57372858,25.37937008,7.253398036,0.6871643,2.1705432,6155.233,1.2955312
14.777889,56.80701894,23.83129983,7.30477837,2.6395903,,3970.5432,
17.335684,55.63011068,24.82248656,7.571918358,3.2047882,,,
16.727879,57.34143536,24.91187564,7.257216033,2.9505892,,4619.04,
11.464658,57.40235227,24.29586591,7.365001264,1.0798855,0.38558927,5097.78,0.79607314
18.973743,56.63354338,24.4760548,7.074354082,2.5695744,,,
17.088533,56.64813404,24.0263384,7.584104133,3.155075,,,
15.295293,55.51202748,24.20990524,7.338324469,2.5277958,0.029161366,3316,0.51740134
11.430553,56.81177407,25.37163241,7.572139959,1.0980988,0.37428892,5128.575,0.77493036
19.640127,56.4790625,23.56595225,7.158615974,2.8379936,,,
9.921573,57.98702364,23.90175912,7.487040599,0.7607107,1.4220649,5844.975,1.1629125
14.332925,56.42378253,25.68658301,6.320027688,2.3154926,,4065.7,
16.119404,55.78162604,25.57460505,7.440523386,2.8662472,,3831.7476,
12.425606,55.38534152,23.1615262,7.422707338,1.3778067,0.16423419,4882.5,0.5663696
11.108135,57.35030754,23.83904871,7.376478665,0.9989805,0.51951206,5259,0.86824864
9.428313,57.47057104,25.64725279,7.189164419,0.7216625,2.411576,6007.9336,1.433352
16.442446,57.06355566,23.43469189,7.328238806,2.7882109,,3904.36,
12.34341,57.97253656,24.38676805,7.181640268,1.3410549,0.18496746,4979,0.57798433
16.492466,56.04489754,25.6271555,7.156876988,3.0277805,,4139.71,
13.925313,55.94994539,25.05301203,7.441610093,1.9315166,0.06337387,3925.6868,0.5442225
17.59423,55.34359577,24.39755485,7.418669535,3.3571548,,,
17.785429,55.4541049,23.05639233,6.930944649,3.426508,,,
17.911718,58.17592733,25.17824903,7.742319213,3.3531475,,,
12.6328,56.01188718,25.65615557,7.245450726,1.4818211,0.16444397,4450,0.6822469
16.289757,55.60961449,24.23535656,7.39621463,2.8769827,,3915.08,
11.258368,56.10957605,24.589507,7.406551315,1.0840569,0.47768146,4930.685,0.947125
16.425869,56.07949719,24.5882642,7.385492549,2.8660364,,3770.14,
15.416554,56.85568019,24.04895952,7.382527483,2.3555527,,3431,
18.519554,56.72872499,24.46645754,7.134750794,2.5285225,,,
18.228401,56.08213131,23.89588897,8.263144025,3.273222,,,
16.262117,57.40227401,24.30374374,7.224114808,2.7682562,,4076.08,
11.164752,56.05451969,24.03062221,7.52831185,1.0228424,0.48791525,5082,0.90106374
17.87326,54.77340996,24.21134537,4.214245782,2.793436,,,
8.540198,56.3936837,24.46311329,7.435439811,0.5054922,5.0991406,7180,1.4593258
17.155819,57.77559377,22.63338271,7.52182713,3.1389923,,,
16.885798,57.29764281,24.24001243,7.125077724,2.9350214,,4594.325,
14.470423,56.10348264,24.76821919,7.470613705,2.2257013,0.050157864,3533.25,0.59768647
16.139671,56.30068367,23.36457294,7.237481142,2.8431969,,3529.28,
16.72112,56.74244795,23.56062352,7.358708412,2.7971,,4009.875,
15.042038,55.97455056,25.47488529,7.328093247,2.4514446,,3524.75,
10.94297,56.95058341,23.21789014,7.318577435,0.9584093,0.60817724,5332,0.91387635
10.420579,57.27554721,23.78104376,7.209080087,1.0409546,1.017831,5305.04,1.1942992
13.9019,55.44628761,22.85683588,7.365583428,1.9039288,0.067062326,3904.25,0.56600034
16.714268,56.53633374,24.67572788,7.579202385,2.8420963,,4480.277,
15.638724,55.49448625,22.95034904,7.39577862,2.6733704,,3685.78,
14.845104,55.98631159,25.26208807,7.453968734,2.3475876,,3713.75,
17.48939,56.75155651,23.87990113,7.318267535,3.2848873,,,
16.722082,56.94138043,24.63353071,7.407130922,3.1800795,,3909.0735,
15.329988,56.4030943,24.65168277,7.134525291,2.8957634,,4061.22,
18.914383,56.42642738,24.0696309,7.672955181,2.4537773,,,
18.33331,56.87476375,23.55402962,6.956349216,3.2258968,,,
15.625836,58.13080372,25.25194073,7.367373066,2.6437283,,3679,
15.914345,56.84946413,23.14901113,7.144426622,2.8425188,,4007.045,
18.355894,57.15146556,25.26129613,7.39877646,3.3144875,,,
11.011639,56.31406415,25.28928257,7.413373539,1.0293226,0.5704886,5167,0.94253874
16.625662,57.18359716,25.1060853,7.313212265,2.9140024,,4364.74,
19.429014,56.26328629,23.11611776,6.799615343,3.2400913,,,
15.814154,57.33962256,23.65158458,7.333717978,2.7873707,,3818.2,
16.999392,56.26209569,25.08865812,7.318682964,3.1500921,,3745.02,
11.968134,55.80678105,25.26993563,7.39617466,1.2527733,0.24050806,5097,0.6289096
18.9102,55.96993853,24.31334228,6.504716589,2.8378506,,,
18.597599,55.50162138,24.17006666,7.392485802,3.396471,,,
17.321209,55.39506324,23.6375463,7.346671417,3.1023216,,,
16.411564,57.02388309,22.63578435,7.162218801,3.0388918,,3993.505,
6.14535,57.43146562,23.71165592,7.496204998,-0.044172764,,9438,
17.625544,56.84367131,22.51956678,7.065162921,3.2384872,,,
13.693971,56.14762771,24.00114058,7.344656725,1.8265715,0.07080572,4129.3833,0.5198959
17.853659,57.25484592,23.6374834,7.490281794,3.3604965,,,
11.68959,56.26374878,23.83921566,7.280531682,1.1299181,0.3282882,4984.09,0.7684375
13.036555,57.8748392,23.89904194,7.565003817,1.5827932,0.109208666,4341.25,0.5841866
11.439413,56.17998817,25.87532881,7.516415477,1.1149693,0.38973972,4962.027,0.84473747
17.007547,56.2147271,25.08778101,6.996506852,3.1192894,,3894.0352,
19.625105,57.27030824,23.56077241,6.691066499,3.0801468,,,
13.968921,55.49458836,23.70714163,7.344898407,1.9593086,,4168.173,
16.373417,56.8445845,23.73507166,7.494341042,2.9139967,,4651.6797,
16.022493,55.95193901,25.04341137,7.22289135,3.04,,4130.825,
12.895202,57.1893671,23.33871889,7.37929821,1.5196486,0.11907658,4561.95,0.55241406
18.260738,56.29096675,24.07563182,7.743192731,2.0391865,,,
18.314926,56.52528835,23.97185569,7.895661974,1.879055,,,
16.41162,57.38579874,23.41124862,7.501802508,3.1213207,,3770.21,
10.528545,56.01485492,24.50404812,7.378027754,0.9138651,0.8610742,5482,1.0287145
15.594679,57.19040623,25.7002689,7.23017691,2.7187452,,3942.2876,
15.739687,55.12992767,25.14790182,6.887020051,3.0351439,,4189.3833,
18.039536,58.61721335,23.94320185,6.98780289,3.3338032,,,
6.981759,56.83746003,23.80314741,7.127110734,0.044411182,,9425.5,
6.880885,56.45349234,23.14694964,7.359028788,0.03437233,,9324,
17.56905,55.75532389,24.24773744,7.32009041,3.159338,,,
11.481304,56.58319645,25.47536407,7.418771797,,,,
17.21161,56.41377907,24.13887197,7.349149262,2.8627968,,,
16.499056,56.60273682,24.47940518,7.19661315,2.8170242,,4038.51,
16.123646,56.24421729,23.92788318,7.136004945,2.7919922,,3904.36,
17.732103,57.49021356,23.72432767,7.074529229,3.2901516,,,
12.243859,56.82535301,24.39057154,6.989037883,1.4993296,0.25315222,4447.33,0.8475099
17.006838,57.08979611,24.57859313,7.219036548,2.8818064,,4525.3076,
19.768732,55.27262864,23.54896635,7.482993922,2.9059734,,,
12.866021,56.37331637,23.76030867,7.258553034,1.5620556,0.13734534,4363.6235,0.6484329
14.185698,55.90297985,24.23212144,7.076279022,2.0972948,0.06771509,3628,0.6586593
17.939165,56.58921478,23.08570587,7.194560982,3.4310913,,,
16.325727,57.385638,23.92830213,7.483517018,2.8794594,,4088.0425,
19.252243,56.64739168,23.95191559,7.766668295,0.8961468,,,
16.862675,55.35827154,23.25981239,7.500564018,3.118619,,3972.9033,
15.293792,56.488749,25.18672171,7.344042408,2.784422,,4065.55,
9.533586,55.99510801,23.88253345,7.385698515,0.74294186,2.0617921,6208.6665,1.241019
9.590614,58.59003702,24.07549461,7.361745846,0.7036648,1.9724723,6136,1.2427604
16.760805,56.28772363,25.54682006,7.546018158,2.9959564,,4305.6997,
16.682482,56.95748636,24.42849616,7.242315048,2.9529524,,4670.0034,
5.4266515,56.20098932,24.28927388,7.523388376,-0.037411213,,9644,
10.966898,55.36604084,23.70814344,7.392511845,0.9756479,0.5855669,5300.8667,0.90729207
7.7320957,56.86188696,23.67813316,7.604931016,0.2205081,10.794197,7995.3335,1.7122794
15.660528,57.30271962,25.70187675,7.390567936,2.9163456,,3865.25,
16.564339,58.07317736,24.45533303,7.381703938,3.022685,,4168.6875,
15.19903,57.48251115,24.74191085,7.382377523,2.550847,,3748.75,
16.49195,56.90569368,25.33385435,7.158356743,3.0203104,,4189.1836,
18.109602,56.35297021,24.64609214,7.396956656,3.0290356,,,
17.479286,55.83802149,24.18570771,7.467835351,2.968546,,,
17.721367,55.6902714,23.82282901,6.977750956,3.3105183,,,
18.135223,56.19232113,24.38398866,7.340278275,2.6645489,,,
15.988075,55.86760615,24.89180227,7.283281553,2.7780304,,4056.8774,
17.257837,58.07804113,23.8766967,7.373026369,3.105999,,,
17.895859,55.91556973,23.69222616,7.069936013,3.1575089,,,
16.44183,56.88419247,23.30633821,7.140851522,2.8943224,,3970.495,
16.151382,54.88472731,24.26687032,7.090086697,2.8904066,,3962.825,
12.457087,55.21372986,23.59822552,7.438521089,1.3769703,0.16607596,4723.4966,0.6085256
16.506659,55.11240321,24.23714551,7.514823098,2.975544,,4250.2754,
17.795597,55.93142197,24.21376417,7.452719816,3.1077404,,,
16.965014,57.56154378,25.42482952,7.096367462,3.0995188,,4162.1177,
17.703762,57.32023414,24.01644412,6.962687991,,,,
9.103162,57.07038946,25.21492601,7.2298801,0.6593914,3.1861796,6613.9824,1.3594452
16.892225,56.88340264,24.17339868,7.392600573,2.4506826,,3828,
14.725102,57.23905052,24.32864694,7.213317836,2.5805435,,4068.55,
10.69776,55.14330171,23.68241231,7.426635789,0.9182844,0.7377465,5358,0.99678344
11.855584,57.91273979,22.75008098,7.240205876,1.1797895,0.2929876,4866.64,0.7614104
12.19216,56.02133728,25.48363666,7.41289336,1.2790318,0.20735553,4823.375,0.6520913
9.691098,56.83708939,25.52564515,7.314183192,0.76311874,1.8380178,5892.4175,1.3008897
13.991919,57.07511872,23.89127998,7.288801577,1.927804,0.06166937,3936.6667,0.5338633
18.609873,56.84292647,25.7206916,6.649740282,3.3274803,,,
16.969765,56.5901745,23.06677112,7.770897894,3.2811394,,4202.075,
16.680983,57.99316805,23.97189217,7.293058842,2.9576502,,3944.7651,
10.398834,56.91861362,24.36436237,7.316612651,0.85272694,0.97335374,5629,1.0373504
8.257667,56.94523988,25.38549981,7.078323436,0.35372734,7.516486,7768.25,1.5136089
10.112981,56.45302889,23.14785709,7.327235339,,,,
17.135067,55.56411195,23.19182214,7.326381994,3.2372713,,,
10.910271,57.58720452,24.46655136,7.249936899,0.9340391,0.62832403,5468.5,0.8830963
10.239899,57.07140079,23.89015682,7.321315035,0.80504036,1.1104032,5826,1.0343131
9.712552,56.1699193,24.81834024,7.408644203,0.71434784,1.743928,6072,1.1933103
13.817322,56.47976095,24.55461038,7.428418841,1.7252197,,4109,
16.953684,57.54494316,24.478035,7.46929416,3.154622,,3693.255,
19.559034,57.01950047,23.65822816,7.035959999,3.3946857,,,
16.517975,55.97002712,25.49163292,7.223185196,2.9136734,,4088.0425,
10.842311,58.60525132,24.35989013,7.36397341,0.9789829,0.65317565,5403,0.92235416
12.73605,57.5517725,24.53273269,7.196010439,1.4438963,0.14229259,4613.83,0.590365
17.816366,56.99744855,24.593488,7.309270383,3.2166386,,,
9.562554,56.35062644,24.88578553,7.280298496,0.69124794,2.0691588,6145.15,1.2690672
16.257185,57.44606546,25.71008258,6.92868497,3.2130527,,4103.7134,
15.093665,56.68171989,23.9949431,7.247988348,2.377285,,3616,
11.438498,55.95147936,25.00419133,7.306604285,1.1216526,0.41009617,4991.453,0.8563307
19.305237,57.56434568,22.77207896,7.058504107,3.1926403,,,
16.400305,55.81925015,23.83359107,7.274152928,2.959054,,4587.395,
17.320845,55.44449638,23.02200469,7.000964373,3.1903744,,,
14.438821,57.10351339,22.40706955,7.975500519,2.444497,,3690.28,
18.092422,58.66312614,24.59833864,7.489781303,3.3338776,,,
10.404107,56.61406721,25.13533744,7.378191904,0.84881496,0.9527699,5626,1.027418
18.32519,57.67950861,23.33201992,7.16112027,3.4111767,,,
13.153968,56.78068857,23.22616304,7.282249318,1.6122046,0.110282324,4257.5063,0.61037254
18.22346,55.0664266,24.375243,7.045748714,3.445406,,,
16.80349,56.4177936,24.28891366,7.443863455,2.300416,,3636.75,
16.591087,58.25684613,22.97990669,7.389358953,3.0227146,,4188.9834,
8.322883,56.76765516,23.99501921,7.369924892,0.42066765,6.3666325,7310.43,1.5729744
12.213566,56.80647931,23.71409194,7.349683243,1.2762156,0.20234035,4908.3633,0.62204313
11.889382,56.41428089,23.754102,7.346930987,1.6295033,0.3278487,4375,0.9966284
10.659182,55.21027404,23.41824586,7.403971523,0.90125275,0.7574612,5490.3335,0.9619121
14.190984,56.78942246,23.74198597,7.302015562,2.3946419,0.061828677,3660.365,0.6182994
17.359585,55.83579287,24.4429224,7.54310041,3.0925026,,,
16.677404,56.45577823,23.14288007,7.596280186,2.7686558,,3904.36,
16.611767,55.19302947,24.15699478,7.245669247,2.8934174,,4129.1123,
16.280447,57.55194671,23.92648083,7.173258371,3.1797066,,3954.6123,
13.620668,57.84232821,25.16593518,7.184809023,1.8201857,0.0877049,3964,0.62790984
14.810722,56.44372681,23.79516351,7.207047158,2.5405102,,3638.0876,
6.589043,57.34071384,24.38075866,7.040344925,-0.024802208,,9527,
17.399858,56.4286985,23.3365954,7.684339746,3.2106934,,,
16.87965,57.09464593,23.46175245,7.402622047,3.0900297,,4462.5176,
16.94648,56.75127941,24.47341624,7.16522797,3.0611572,,3709,
14.020388,56.64507285,22.93528733,7.27843288,1.9807901,,4167.25,
12.406004,56.51728223,23.40532596,7.35268745,1.3969898,0.17235915,4839,0.5906886
15.993503,56.28658249,24.84195495,7.195321794,2.3229723,,3654,
10.851324,56.08555602,24.77266298,7.184980521,1.1248856,0.7344662,4954.047,1.1633712
18.190985,55.64181991,23.41427668,6.915698246,3.431055,,,
19.329388,56.14298467,23.85669383,8.363867672,3.0129623,,,
14.988749,55.73565929,24.08258692,8.134482966,2.7217216,,4031.673,
17.262112,56.91585908,23.00110847,7.686667783,3.009962,,,
15.061798,56.70335202,23.06855768,7.09866892,2.4873161,,4025.75,
16.863642,56.46653704,25.16699561,7.236248181,3.1334906,,3703.0369,
12.247098,57.11688292,23.30056307,7.446772041,1.3326874,0.20323838,4689.3066,0.68302757
11.309817,54.86596958,23.89480144,7.284990183,1.0828514,0.46152058,5020.935,0.8977987
8.760477,57.86348664,24.51845506,7.332708126,0.5418215,4.249332,6752.623,1.5061492
8.00354,56.4965122,25.39839644,7.600061923,0.28597307,8.305684,7863,1.5529726
16.608862,57.19179285,24.16998503,6.989841671,2.85678,,3904.36,
19.519403,56.28949433,23.97898373,7.16049776,2.5144615,,,
10.576406,55.90729778,23.53579412,7.323320636,0.8767376,0.8345623,5502.16,1.0053461
18.091791,56.41216334,23.8153932,7.525285563,2.4678955,,,
18.397831,56.30265725,23.8956974,7.534825712,2.669033,,,
15.553866,55.68259421,25.53493108,7.195073661,2.633914,,3740.3535,
17.023563,56.27833702,23.61414558,7.252443684,3.2870226,,4444.83,
9.06211,55.34579824,23.48674113,7.515350003,0.6061373,3.0630744,6492,1.3834848
14.340005,56.13342611,23.87485556,7.446216475,2.2213602,,4274.3335,
17.504845,57.68483857,25.11794601,6.722538788,3.5863934,,,
15.71589,57.04675765,23.66195843,7.214634212,2.3638,,3810.1,
11.209154,56.02025981,24.27532545,7.34694823,1.0703726,0.49084756,5091.84,0.90027773
16.321722,56.29512153,23.04931563,7.660120888,2.9538155,,4444.83,
17.088293,55.4462624,25.00593228,7.719049777,3.0764885,,,
13.553166,56.8257749,24.03622426,7.649423412,1.8501949,,4282,
10.544441,56.26681029,25.25765316,7.361768811,0.88975143,0.84936535,5516,1.00914
13.542909,55.49067575,23.66818629,2.621201369,1.301218,0.44666538,5125,0.84772706
13.322386,57.77331021,24.73658409,7.229826848,1.6925869,0.09583591,4257,0.5691274
16.315216,55.98756934,23.9514543,7.267862494,2.9073915,,4609.37,
10.587136,56.22443017,23.92109211,7.186253009,1.0486097,0.9204043,5033.533,1.2615256
15.41668,57.66222635,23.21723388,7.229511957,2.5667725,,3297.5,
8.081855,57.42060196,23.34137588,7.227082097,0.28130198,8.622767,7954.6665,1.5460802
17.257177,56.52381078,24.61368958,7.294107307,2.9857407,,,
10.582304,56.17434663,22.46435229,7.49865394,0.9183645,0.7882236,5547,0.96130466
18.74313,56.72077672,24.25202225,7.491484444,2.819189,,,
13.575575,56.45401898,23.85269267,7.408138715,1.7796402,0.08191417,4042.4824,0.58349335
10.383268,56.7240412,23.58336016,7.410569251,0.8226509,0.96146935,5642.75,1.0259796
18.5933,57.23194572,24.3610199,6.848440026,3.2187538,,,
17.03027,56.81444339,24.39176993,6.64561791,3.199318,,4121.313,
9.73422,56.84992555,23.91427752,7.283048226,0.83842945,1.8023878,5697.25,1.3779905
13.486465,56.63002434,24.11714741,7.654696102,1.8475027,0.09129703,3900,0.6618381
13.239693,56.53493098,23.34732748,7.321200251,1.654356,0.09971855,4279,0.57458735
13.693872,56.90877071,24.89166138,7.146165726,1.8347702,0.0797438,4027,0.58014673
14.702564,54.89785036,24.1182424,7.290797631,2.3120155,0.039887633,3619,0.50803614
17.09081,57.8928031,23.79703902,7.116327485,3.0751133,,,
9.005671,57.77649884,25.5944987,7.166334012,0.6239681,3.54987,6429.8667,1.5182906
13.760721,58.24651846,24.90134873,7.260679865,1.867754,0.06897109,4109,0.51821965
13.6791115,54.87176438,23.49917907,7.471264462,1.8387957,0.07449298,4016,0.5637972
18.004625,56.62930508,23.02615841,6.972142235,3.2275276,,,
19.025648,55.81715322,24.37432782,7.456152522,3.2696934,,,
17.88816,55.55626056,24.31367824,7.141901363,3.2307186,,,
11.162713,58.34886868,24.06484288,7.343179616,1.0093727,0.49503377,5308,0.83197105
15.731784,57.06368398,23.70079972,6.357743743,2.919138,,4630.925,
15.762332,57.50913835,23.86222919,7.622099973,2.7205505,,3970.53,
14.508653,56.03679313,23.07971215,7.248336375,2.2148962,,4088.8325,
17.549198,57.79958066,23.74521815,7.306102524,3.1902637,,,
16.682201,56.93613477,23.70071081,7.166039336,3.062623,,3676.97,
13.028597,56.38733922,24.30304053,7.519755648,1.6062174,0.10983113,4370.3335,0.5780777
17.720297,56.87289826,24.20534757,7.615174772,2.7013454,,,
8.087943,57.30087212,23.88659387,7.448522517,0.30456018,7.9981546,7860,1.5251145
14.835606,55.66768278,23.9891669,7.272190137,2.4949436,0.040695585,3440.6667,0.567729
10.597236,56.05809553,24.77920151,7.321028086,0.8934126,0.8191469,5503,0.9957138
16.551453,56.05066193,23.87689418,7.277896585,2.917448,,4625.0566,
19.515036,56.95607683,23.53121178,8.146063068,3.4008179,,,
7.818111,56.46524224,24.03868258,7.226025315,0.27399445,10.890276,7854.25,1.7822255
15.810461,55.26255807,23.72248538,7.4668263,2.7223368,,3935.98,
16.037807,57.29606103,24.34740525,7.320455641,2.8016157,,3899.1602,
8.324233,57.18298748,23.25962123,7.190476035,0.3917637,6.7253165,7471.93,1.5475454
17.550106,57.3840946,23.27150507,7.086092214,3.122097,,,
17.659185,56.27740405,24.67841524,7.5540704,3.1098652,,,
13.663716,57.29709805,23.55503385,6.031809347,1.8599348,0.11161216,4074.7,0.670374
15.169112,56.76987381,25.3804182,8.223137862,2.8210611,,3848.8774,
16.679869,56.85797096,25.44057264,7.252800292,3.329687,,3912.53,
18.951893,57.21025565,25.29837222,7.4002288,3.2626743,,,
14.12439,57.81600215,23.28207859,7.395554982,2.0566425,0.05963526,3763.3467,0.57445467
13.026153,56.92276063,23.97173382,7.349072622,1.5596657,0.12499703,4209.2065,0.66481686
17.886549,56.11636525,23.99977535,7.445820126,2.979435,,,
17.143373,56.39167311,23.18501701,7.334969551,3.1653023,,,
18.138613,56.60060058,24.50341716,7.402242059,2.6928291,,,
16.071756,57.10522526,24.24036369,7.265084316,3.0275965,,4037.4133,
13.853169,55.58985269,24.66447771,7.442000104,1.908227,0.07120942,3851.3,0.5993861
16.891602,58.01103685,25.10400803,7.19912048,3.0543203,,3974.1199,
17.054266,55.57465067,24.11588549,7.194929466,3.1432905,,3860.9524,
13.357169,56.58539698,24.78528924,7.374339677,1.7055159,0.09278147,4184.5,0.57955694
15.038091,56.96235535,24.50502242,7.313090572,2.4275846,0.03548596,3369,0.55294114
16.52099,56.71926584,23.64514511,7.058621816,3.149191,,4065,
15.208042,56.3172948,24.12100097,7.62846891,2.438326,,3407.6667,
14.401714,56.84108914,25.89774554,7.097775046,2.169073,0.058875777,3540.3333,0.64495987
19.885986,56.59892508,22.83777195,8.796846453,2.6792202,,,
14.763028,55.00086598,23.43478193,7.358040953,2.5739288,0.04684068,3328,0.65102494
14.037812,56.63705919,23.30513724,7.296187355,2.009222,0.05795193,3963.105,0.51064074
16.417072,55.91274506,23.7346517,7.054869079,3.1420069,,4063.6501,
9.363033,55.72974254,24.49287507,7.194996007,0.6653547,2.5427234,6196.9,1.3834175
12.386156,57.72446672,22.5478716,7.267364723,1.3520269,0.18017305,4828.8867,0.6064619
15.540159,55.36208585,24.01718892,7.353671722,2.980093,,4508.19,
16.44994,57.08459639,24.91519789,7.145364446,,,,
15.165859,57.02434715,23.03395631,7.322842126,2.5128841,,3441,
19.18257,55.52400185,23.12057395,7.89117127,3.2311115,,,
17.852543,56.31845366,23.5669807,7.334957984,3.1548843,,,
6.4089994,56.51217736,24.52770351,7.34534678,-0.014213085,,9654,
16.261713,55.21602445,23.23054177,7.247182185,2.8966913,,3961.827,
18.141037,56.49050339,24.05123868,7.41006043,2.505415,,,
18.554155,57.18629669,24.62303568,6.817813565,2.9098492,,,
17.929604,57.2491071,23.20188714,6.606968319,3.5359077,,,
6.2838345,56.83775692,24.11607368,7.444952561,0.023653507,,9500,
10.211149,57.14388405,23.43459723,7.279304144,0.7964411,1.159358,5741,1.0883945
12.792986,57.85177539,24.08717861,7.382369336,1.4841623,0.13652635,4452.54,0.62093365
17.412966,55.68530369,23.97077237,7.148806244,3.0668945,,,
13.683444,57.84931009,22.84127919,7.423973089,1.8474197,0.079022735,3935.8025,0.60459155
13.257669,58.18905824,25.27966615,7.209460903,1.6515636,0.10434084,4219.77,0.6043691
16.488987,56.19942423,24.21445701,7.159817911,2.762803,,3904.36,
16.505808,58.35055577,23.79940662,7.356141697,2.9622326,,4255.9834,
18.09349,55.86628387,25.02790148,7.064854893,3.6457996,,,
17.087406,57.39781119,22.39047344,7.508909909,3.0077572,,,
18.447723,57.46854034,24.06179452,7.295709802,2.7990704,,,
18.497711,56.77419423,23.7594973,7.337710083,3.184555,,,
18.5149,57.42177053,22.94450652,7.192063134,3.4225063,,,
16.34545,58.22612739,25.29522374,7.523441458,2.916462,,3790.4934,
19.33303,57.31309659,24.60609712,7.433483899,3.1292076,,,
15.644554,57.9951445,24.66773033,7.316785423,2.6478958,,3682.3333,
9.335321,58.22291289,24.71553735,7.091487672,0.6475563,2.6772974,6375.57,1.3411055
10.343406,56.69617935,22.91438594,7.193060837,0.8397875,1.0633209,5589.867,1.0994661
9.981662,56.39757957,24.08301737,7.503006635,0.83480644,1.3650905,5578.275,1.2509315
10.296782,56.59455049,24.569956,7.180470289,0.82882595,1.0987462,5775,1.0471222
16.153196,56.91405265,24.45873874,7.43265631,2.9129477,,4268.42,
11.268925,56.75600715,23.49474767,7.46050783,1.0223904,0.44056356,5220.5,0.81139576
17.454468,55.37800979,25.19773964,7.272343092,3.2319336,,,
16.00409,55.50015609,25.02960841,7.205960299,2.8399782,,3971.32,
16.187,56.30591671,23.51672291,7.191138007,3.1344852,,3894.0352,
16.797682,56.89387188,24.03956017,7.527420167,2.5298405,,3845.87,
16.349155,56.24181646,23.40847749,7.358470684,2.915784,,4364.74,
17.531769,56.9860469,24.25867715,7.555396203,3.0660973,,,
13.8229885,56.51600687,25.45280242,7.290626054,1.8749657,0.069053896,3998.64,0.54754794
17.260897,56.59367689,23.48543411,6.972089797,3.2951422,,,
15.92664,57.96086407,22.89552093,7.423039696,2.7734184,,4058.79,
16.08218,56.13223691,23.59043155,7.189564795,2.8114948,,3921.1,
16.913992,56.89952636,24.87397138,7.425800254,3.0540323,,3873.66,
14.259017,56.41275505,25.22421519,7.281297155,2.1187134,,4016.5066,
17.622215,57.16384578,24.83870585,6.803740951,3.1765556,,,
18.782503,55.43225582,23.13314887,7.385550083,3.7209892,,,
15.924776,56.61261037,24.45374846,7.082669304,2.7505665,,4098.6675,
12.557741,57.69188781,22.93048322,7.289409564,1.4923582,0.17523228,4434.75,0.7091227
15.182101,57.49314666,23.70922,7.352547121,2.4827223,0.030062191,3395,0.5011681
12.294708,57.64417262,24.50757825,7.096746728,1.2865553,0.20494658,4839.74,0.6439155
17.048546,55.25168888,24.22627317,7.180694335,3.0732822,,4043.9033,
16.847776,58.18022782,24.46611694,7.206343707,2.994135,,4305.75,
16.321098,54.92805756,23.90755666,7.548557874,2.938428,,3786.41,
16.317553,56.70879498,23.53208765,7.435068512,2.8989172,,4367.8203,
18.674467,54.79117341,23.98112209,7.548393904,3.2731647,,,
13.1314535,56.90846391,23.46785524,7.24624176,1.5964804,0.10776677,4366.75,0.5735594
14.102081,56.64730235,23.41153727,7.25893189,2.04033,0.06328825,3761,0.59252614
7.146499,56.4075502,24.3354641,9.662704411,0.2642641,,8759,
17.474472,57.67018321,24.66725439,7.142849711,3.0867214,,,
14.476115,56.34797934,24.85061055,7.208744316,2.2304296,0.053148054,3544,0.61151755
16.533262,57.02772109,24.00172656,7.254396901,2.9032993,,4277.9375,
14.794772,55.54559682,24.0855371,7.757803088,2.499961,0.040537037,3338.5,0.6018328
17.199932,57.67688578,24.21525071,7.571391259,2.9977942,,,
15.743797,56.2390019,23.99218485,7.533099943,2.6714725,,3604.725,
18.103546,56.55978176,23.85061915,7.283831089,2.3577938,,,
16.568806,57.61402931,23.37901879,7.387620017,2.9679937,,4619.04,
15.674363,57.97466033,24.04751834,7.073044778,2.974308,,4620.34,
15.40569,57.84963327,25.09781115,7.283496833,2.5375776,,3665,
9.049635,55.51978035,22.85836437,7.368943784,0.6422272,3.2262459,6363,1.4780105
17.474613,56.7143857,24.10432913,7.359757216,2.5130405,,,
16.724789,55.1095763,23.35794225,7.072507859,3.097227,,3648.42,
17.79109,57.08581068,23.51688291,7.095616208,3.3021889,,,
9.986124,57.07051868,23.63659068,7.095886636,0.7458563,1.4886377,5886.2,1.1732136
10.302865,57.29898578,24.63638762,7.160771601,0.8136463,1.0964035,5809,1.0337965
17.324492,56.51910327,24.16537474,7.446688047,2.9053192,,,
16.502985,58.13899299,23.85174429,7.296214792,2.9487123,,3944.7651,
13.838818,56.76501822,24.15949356,7.409468716,1.8939762,0.0736497,3834,0.6150833
17.718502,57.33862367,24.6945342,7.074900166,3.2001553,,,
15.329321,56.57482973,24.6858047,7.405886838,2.5274477,,3462.5,
17.724459,56.48650944,24.36868551,7.179434721,1.7582893,,,
16.366108,55.98874202,24.2221823,7.483101799,2.911893,,4527.1523,
12.594947,56.61581291,23.59252114,7.258132997,1.5945015,0.17443375,4387,0.7229906
15.076346,55.98634871,24.9933305,7.416413756,2.4762526,0.032569446,3395,0.5216489
17.667574,55.41178381,24.38575233,7.044738539,3.1930885,,,
7.531583,57.48590631,24.34880025,7.264210753,0.09696245,,9103.667,
17.562769,57.76373557,23.58323446,7.366373024,3.1419888,,,
11.08914,56.42449369,24.43132298,7.311593602,1.0163317,0.54479575,5180.8926,0.9161368
16.658134,57.92637966,24.36131795,7.347082908,2.8881092,,3991.6833,
15.420517,56.07403907,24.44619409,7.321262722,2.5928602,,3994.345,
18.924332,58.07357307,24.45494623,8.043071033,,,,
16.835129,57.13271111,24.03280936,6.897553335,2.9200516,,4570.21,
15.462837,58.12888206,24.54418434,7.365046338,2.888301,,3961.8264,
18.026237,55.2718709,23.83735928,7.469501729,3.339405,,,
18.679129,56.53153647,23.74500681,6.933580366,1.9147568,,,
19.65225,56.5586418,23.36556148,7.221615525,,,,
18.02123,58.1846055,23.90401775,7.361440313,3.330202,,,
13.403344,56.30003456,24.58599482,7.574021534,1.7093868,0.082894444,4214.73,0.5399777
16.206133,56.97037045,22.99260555,7.159729334,3.118886,,3483.5,
17.415617,56.68002021,23.62260917,7.309224092,2.8909874,,,
12.223905,55.86099629,24.99413885,7.702988728,1.3712006,0.19835708,4623.447,0.6941363
16.026741,56.89500475,22.80113131,7.482735925,2.8307257,,3976.66,
15.0645685,57.08269847,23.60314413,7.293600692,2.4345636,,3880.2566,
10.823414,56.00257003,23.54375019,7.221583066,0.996192,0.7068049,5238,1.0208724
16.902199,58.01870825,24.2441855,7.675885012,2.9605665,,4443.035,
11.105286,55.96136337,24.24729889,7.623618789,1.0127316,0.5008591,5100,0.90650475
17.213495,54.92139246,23.4730077,7.17246661,3.1554146,,,
18.343576,56.80495875,24.01239894,7.191280894,2.3190594,,,
13.394528,56.66782697,24.9308706,7.338246622,1.8433132,0.105826706,3931.75,0.7010976
17.201006,55.67163031,24.02840198,7.228311461,3.0843658,,,
13.138794,56.46043865,23.87376023,7.228634926,1.6823072,0.11568869,4221.5,0.6358644
15.832394,57.99722672,24.66618454,7.43032512,2.7350063,,4076.08,
16.489231,56.1378789,25.75252594,7.168860852,3.010726,,4218.5127,
15.750729,56.86723042,23.44802869,7.118263777,2.7327852,,4010.33,
13.871589,57.15691561,22.76911968,7.2944613,1.9494781,0.07303621,3847.9802,0.60807353
16.177538,57.40055245,23.93962294,7.251180607,2.8555174,,3607.8901,
14.987151,57.70410283,22.6698468,7.436463781,2.476138,,3654.9,
11.404611,56.549076,24.62212528,7.528025263,1.0632076,0.37999064,5252.375,0.74443644
16.69936,57.36500598,24.40364307,7.404436255,2.9824944,,4570.21,
7.339084,56.61375713,24.25480651,7.217771204,0.14102697,17.016182,7884.7993,2.2105606
17.190712,58.18540186,24.3496895,7.288066264,3.095889,,,
15.558646,54.9431845,23.98123807,7.387778053,2.6468468,,3562,
12.207973,56.34253916,23.47151653,7.222663278,1.3232079,0.20817357,4957.5,0.6185004
17.079948,57.12404988,23.96813375,7.31378428,2.9914904,,,
17.911009,56.78930635,24.25949568,7.895162698,2.9522629,,,
17.574656,56.04707805,24.87605903,7.542372475,3.038374,,,
16.603014,56.03890606,23.14619762,7.312030683,3.0843725,,3836.2676,
19.510315,56.59278193,23.87392142,7.302430424,0.8096943,,,
16.486925,55.0404327,23.17555221,7.378075959,2.8728313,,4023.7898,
14.652494,56.8254725,24.03644264,7.350753555,,,,
3.8070912,56.45679252,24.36754753,9.47796016,-0.030336857,,9334.5,
17.125605,56.55284929,23.58701887,7.160652133,3.0165892,,,
13.73232,57.04583028,23.50681736,7.342758526,1.8267212,0.068021506,4138.37,0.50736105
14.523875,58.08614636,24.56531036,7.136425001,2.209241,,3826.6104,
13.717247,55.6096261,22.89446449,7.369149746,1.8398819,0.07847239,3922,0.6067306
17.677608,55.60954801,23.86061384,7.297897416,3.1640987,,,
17.059748,56.04572106,24.81260133,7.50521544,3.0037546,,4283.49,
16.83008,57.38016642,23.68863701,7.415586117,3.1136465,,4293.077,
15.08968,56.52358303,24.6121654,7.394165648,2.4725904,,3515.5,
6.989913,57.40916883,22.53329181,7.381836174,0.053978443,,9196.667,
11.823902,55.74682539,22.90071232,7.645259723,1.1916037,0.2713026,4855.8447,0.735953
12.087304,56.33836883,23.72727712,7.214712479,1.5521803,0.28890067,4333.5,0.95356286
17.440569,55.65402262,25.2325149,7.331375156,3.1776829,,,
17.202,56.78289879,24.3936708,7.210207909,2.9094543,,,
13.64851,55.90390489,24.39378723,7.331957609,1.8285284,0.0837981,3933.5,0.6233205
16.825438,56.87239326,24.11411856,7.311055219,1.638916,,5074.403,
10.218912,54.80623032,24.46633087,7.028588425,0.80593777,1.2353592,5732.7676,1.1267319
16.719076,56.84184586,23.35996418,7.412133769,3.0870228,,4158.6226,
12.4656105,57.33590025,24.77646852,7.253766852,1.3821688,0.17129083,4761.86,0.6080881
13.451449,55.47365167,23.45780364,7.695466741,1.858427,0.07651637,4222,0.51700336
15.848419,56.66784065,25.7313623,7.144864898,2.7273693,,3913.2876,
17.014898,56.46271554,23.62128453,6.982027028,2.5486164,,3828,
13.502793,55.30763347,23.38474832,7.222542988,1.7260284,0.09239514,4038.4368,0.62094146
16.276703,55.34540673,23.92991344,7.292019181,2.8881302,,4120.11,
13.348431,56.92168154,23.74009204,7.338616688,1.6672621,0.08640487,4357.6226,0.51573014
17.49346,56.68666199,24.74939773,7.369589943,3.1099606,,,
15.096285,57.01744821,24.06572008,2.553952834,1.6729584,0.15005554,4255,0.71281946
15.56619,55.93744214,23.05570043,7.188009626,2.6839495,,3589.875,
18.851374,58.02432444,24.29181167,6.609565162,3.2838287,,,
18.594755,56.10669134,22.66874476,7.389003076,3.5970287,,,
14.475728,57.5536783,24.35162169,7.238879949,2.2047224,,4071.835,
15.9558,55.90467916,23.64210119,7.456263902,3.0355148,,4139.71,
10.645163,55.88323238,23.67386006,7.339939457,0.89705944,0.7780899,5524.3335,0.9629589
14.344227,56.705119,24.59983175,7.296667673,2.15034,0.0529677,3681.5,0.5657292
17.803398,56.6692223,22.36753305,7.541947005,3.518423,,,
16.996624,57.61602861,23.06513095,7.144392748,3.0252361,,4188.9834,
14.72701,56.00958853,25.06476136,7.485865414,2.3217554,,4062.44,
15.500054,55.51226873,23.93155625,7.541090078,2.6890078,,3865,
9.368323,56.79198513,24.27645979,7.320286279,0.6514597,2.44632,6164.8,1.3711069
11.4698305,57.259816,23.25224525,7.11875091,1.0635023,0.4188676,5001,0.86213905
17.332096,56.72491282,24.13237683,7.187549442,2.6410322,,,
16.239822,56.34038867,24.54351203,7.050673166,2.7189217,,3560,
10.929143,57.41426061,23.28991461,7.122070293,0.95699596,0.6436396,5416,0.9112063
17.656496,56.58093817,23.01532279,7.841654502,3.5787888,,,
13.43174,55.95261076,23.53919963,7.266316563,1.7248821,0.09702508,4045.3276,0.63414305
16.229826,57.56367484,24.22654855,7.61743563,2.8756533,,3847.495,
17.223673,56.58906199,24.56439053,6.981437068,2.9742584,,,
14.286755,56.76582879,23.61612114,7.136431156,2.4694462,0.057932734,3692.4797,0.5881369
7.273158,56.85181836,23.91448399,7.195810035,0.049874306,,9426.667,
15.774042,55.704705,24.17087412,7.655917931,2.7659283,,3994.45,
14.401151,56.52328959,23.75706438,7.313606607,2.4146633,0.06269682,3389,0.7263271
14.81861,55.53692135,23.58790206,7.313183776,2.3428612,0.041469164,3423.25,0.578946
19.327707,55.8541846,23.86690163,7.71219703,3.0772457,,,
11.733487,57.64893274,25.4263149,7.291899652,1.2233677,0.31999674,4906.7065,0.78279
15.998383,55.39057975,25.11331658,7.276790378,2.83525,,3930.78,
19.557598,55.69708994,23.01106671,7.886232804,3.2402916,,,
18.668432,56.14965997,23.57818121,6.654699977,3.414711,,,
9.027333,57.3864499,23.38021038,7.132481799,0.5961113,3.510587,6604.3477,1.4311417
15.422249,56.90862923,24.81955675,7.15156938,2.5828314,,3539,
8.893207,56.33701671,24.92188054,7.159600194,0.6286812,3.94241,6540.825,1.5462099
17.876438,55.65988263,25.47885449,7.287574737,3.2678204,,,
16.600153,57.91303065,24.59127072,7.355696031,3.0004883,,4305.3,
17.7214,55.64160602,24.18338989,7.361913092,3.1399841,,,
12.136,56.51159306,23.73718825,7.275147952,1.7165222,0.28322452,4250.5,0.9813819
16.845224,57.14081243,24.03285591,6.821292275,2.8579655,,3904.36,
18.875072,56.398815,24.4093702,7.673986052,1.3406792,,,
12.001295,56.77834079,23.71495857,7.32202997,1.2329378,0.24467315,4964,0.6687784
13.754035,55.96737871,24.84142329,7.369683472,1.8678293,0.07788751,3882.6667,0.6167744
15.424112,57.6249253,25.0517334,6.893589886,2.555768,0.029647965,3305,0.5251788
10.156676,57.66705529,23.93285093,7.159888437,0.785573,1.2518018,5851.5,1.0886444
16.131664,56.36072995,22.52541538,7.498795371,2.814166,,4162.98,
15.276305,55.51383494,24.53688652,7.227775105,2.502078,,3674.1226,
15.409418,56.15125981,23.50290894,7.237221858,2.5989494,,3677.3333,
15.459362,57.73930116,24.10837508,7.301201366,2.5334454,,3663,
15.889762,56.0400805,24.58937881,7.262346354,2.7331257,,4220.735,
16.543308,56.33326975,24.47333752,7.468187907,2.8091917,,4618.94,
13.565852,58.48872322,23.34511123,7.461683047,1.8525305,0.090367846,3882.5,0.66441077
18.202536,56.57734706,23.98390784,7.543498456,1.7003956,,,
8.877219,56.21357743,23.26873059,7.2541328,0.5548258,3.8971024,6621.275,1.5001694
7.5111723,57.32010393,24.39593958,6.966707473,0.14096451,,8216.5,
16.634157,56.88780761,25.63831852,7.334387779,3.0522404,,4135.5,
7.787234,56.41633278,22.69427123,7.296161967,0.2567296,,8008.75,
13.360757,55.49565824,25.32880028,7.228297163,2.0514126,0.11845956,3855.52,0.771386
15.197468,55.10088861,24.5843117,7.329079172,2.4535913,,3733.12,
13.857836,55.90258795,23.45375997,7.319168126,1.8997641,0.06999994,3919.595,0.57374525
13.742901,56.64972307,23.96683124,7.145928746,1.8467836,0.07519927,4047.8901,0.5575734
17.170603,56.22181306,24.01835072,7.398728082,2.7250109,,,
19.310072,55.11912025,23.56163491,7.292607331,3.5205326,,,
16.167225,56.74722254,24.02839871,7.361535389,2.99782,,4443.035,
14.910411,57.3652515,24.53153525,6.73730057,2.496684,0.048822213,3327,0.66505224
16.927542,56.59786776,24.03075344,7.471073124,2.717515,,4134.885,
8.025201,56.64258762,23.6238281,7.148459965,0.5455704,8.799151,6718.51,2.1894102
18.517319,56.794466,23.97105902,7.627719613,2.8726845,,,
18.111498,57.16924677,25.02203341,7.387336411,3.3400726,,,
16.821768,56.46396803,24.29548749,7.483064155,2.4530563,,3712.6667,
16.002441,56.46920838,25.91649683,7.075149952,3.0702562,,4185.8022,
11.34111,57.45992114,23.70539461,7.205443261,1.0337391,0.44779232,5141.75,0.84327465
15.409516,56.78835214,24.05198412,7.236047278,2.5437899,,3736,
12.790639,57.50275815,25.3986048,6.562290573,1.7609863,0.22045527,4005.1748,0.97514665
17.077898,56.78973847,23.43216093,7.123109255,3.020667,,,
17.22878,56.73055542,24.1878043,7.291094789,3.2011213,,,
17.161867,56.61545988,23.8124978,7.35029202,2.6414251,,,
17.80788,56.15747104,24.42729269,7.106107984,2.9614944,,,
18.148432,55.73565759,22.85484007,7.335468333,3.357256,,,
14.91257,55.80453493,24.65524897,7.225563637,2.4242506,0.041057214,3362,0.59724426
17.270823,56.87470853,24.09693196,7.160426029,1.3497438,,,
16.766098,55.35989921,23.13394534,6.972267434,3.1084986,,3717.0598,
14.947666,56.32088155,25.26308922,7.153810137,2.6865873,,3685.78,
16.334352,56.54154458,24.67371089,7.546404574,,,,
8.231667,56.83069747,24.1389262,7.3470686,0.35874176,7.0664654,7607.05,1.5304574
17.373108,57.20265345,24.50414421,3.343893909,2.502287,,,
17.659203,56.84331305,24.23841307,7.528489038,3.1804676,,,
17.411623,57.02449257,23.88344902,7.323247682,3.1623707,,,
16.924017,56.02351277,23.06164397,2.641655169,2.2781897,0.0416742,3539.25,0.542955
11.156267,55.8631155,25.38739383,7.23281606,1.0757828,0.53727806,5039.3335,0.9616255
16.60589,55.51430465,25.37741275,7.300962753,3.1651983,,3909.0735,
18.998428,55.46464119,24.32412384,7.593180038,3.333046,,,
17.645365,57.83245914,23.06765128,7.353776216,3.2114048,,,
9.586493,56.4174937,24.62703861,7.568906834,0.7463207,1.8869814,5926.5,1.3029864
16.85819,55.71537588,23.14533503,7.247139977,3.2622318,,4155.5303,
18.596163,55.16450187,23.44287282,7.434519014,3.52137,,,
15.06558,56.725203,25.2456526,7.106221478,2.4576235,,3614,
16.162157,55.65117606,23.36784489,7.422496753,2.843028,,3930.78,
14.534834,56.46955931,25.86153774,7.180123272,2.288885,0.05094619,3539,0.60040927
18.86749,56.28626291,24.40248939,7.631436457,1.821703,,,
18.552193,55.7497641,22.71416635,6.866815702,3.801773,,,
11.5116625,55.12810757,24.48711985,7.240471737,1.1248474,0.39173976,4976,0.8421525
18.222229,56.09235601,23.18175156,7.138239569,3.3325825,,,
17.364464,56.48794187,24.35010175,6.989275522,2.2008038,,,
17.429611,57.60500668,22.67536045,7.272556621,3.2162476,,,
16.764149,57.07240084,23.80640339,7.034770374,2.9623728,,4464.767,
16.674482,56.59603415,24.60485654,7.39711226,2.8317242,,3740.3252,
10.747876,57.38808968,23.79520175,7.191551867,0.8950987,0.7440441,5438.45,0.9716317
16.958044,55.1087475,24.53682207,7.061335175,2.8988667,,4336.298,
16.235586,57.3346644,25.42830778,6.797468042,2.85221,,3965.4631,
11.858036,56.18320809,25.49909648,7.170109439,1.192009,0.29567885,4898.6,0.75495106
16.091797,57.83124448,23.16359208,7.267979355,2.8487349,,3895.1099,
14.237983,55.62266391,22.79038942,7.242485942,2.1059608,0.055208996,3784.245,0.54663706
8.208464,56.56677416,24.18973453,7.393535266,0.42568254,6.961213,6911.72,1.8400211
18.828148,56.10635616,22.46370489,7.127904386,3.8291626,,,
17.82392,57.498153,24.19590502,7.265152463,3.1334152,,,
15.111785,58.42074479,24.41920923,7.290620725,2.4016466,,3677,
17.579325,56.79950078,24.23144769,7.072840798,3.1648521,,,
16.33223,56.94066902,24.09348476,7.365053398,2.6816845,,3805.9402,
17.623316,56.90992417,24.59977913,7.123437592,3.1182766,,,
16.333363,56.59257059,23.87793715,7.165199863,2.7284775,,4021.8826,
16.742987,57.74243717,23.92836394,7.093679175,2.9336786,,4710.605,
16.115524,56.66683843,23.78274709,7.26747916,2.7759695,,3955.02,
9.299754,56.66006062,22.91959021,7.209941658,0.6647806,2.6803288,6269.2,1.3877857
17.227594,56.93522153,24.6153371,7.281761799,2.9744387,,,
14.356038,56.12540143,25.59621679,7.016339396,2.136445,0.052994497,3777.89,0.5373651
18.970186,56.55990246,23.85023733,7.171069268,,,,
16.638477,57.48125912,24.10124091,7.50151713,2.9143686,,4630.13,
10.871961,56.06105599,24.10192068,7.173243564,1.2803516,0.7420269,4848.5,1.2208089
17.46701,58.03320352,25.46503724,7.202853247,3.2510567,,,
19.401106,57.2392438,23.23294212,6.98335408,3.3801155,,,
17.815897,54.96121431,23.76440875,7.088554064,3.3077316,,,
15.032399,56.11208788,24.40865144,7.241883323,2.372159,,3815,
18.626999,56.75775571,24.22433412,7.411310988,2.9798603,,,
7.8457074,55.92314746,23.64896406,7.469767743,0.49204302,9.600663,7257.175,1.9600543
10.8633795,56.61848124,24.43374538,7.37347028,0.96805,0.640015,5389.5,0.91759443
17.184664,56.7428276,24.02800166,7.590365137,3.0530758,,,
15.203925,56.041386,24.26763055,7.36646802,2.5052528,,3556.6426,
16.357365,56.86159346,23.63388418,7.365836587,3.048687,,4084.33,
17.13523,55.3529197,25.38483568,7.009606604,3.0367393,,,
16.917055,55.33071155,23.86147416,7.212984394,3.0992022,,4438.1777,
15.9793825,56.36897008,22.98432642,0.822378,1.1055889,0.4874693,5056.16,0.90988106
17.329027,56.77548881,23.75544951,7.146564845,2.9898586,,,
16.235847,56.35335694,24.34577564,7.095177111,2.6450014,,4218.3096,
15.746541,56.51799575,23.9278484,7.091920325,2.520113,,3651.8699,
16.143957,57.08465699,24.91506287,8.367318565,2.940467,,3707.5,
13.770322,55.67856471,25.28090338,7.022063833,1.812748,0.07510851,4065,0.5525558
10.361045,56.5750593,23.48646362,7.118531405,1.1352091,1.1698532,4974.6196,1.4561247
17.186306,57.97516526,24.04735715,7.03427247,,,,
16.560986,57.34232919,25.7936958,6.900333386,2.9870863,,4305.5,
11.418302,57.72960799,24.19725257,7.15158712,1.0413036,0.42127362,5170.3,0.8089158
13.716142,56.43373625,24.07392961,7.254079345,1.8322735,0.08177857,3909,0.6235066
10.134455,57.48548896,23.21843739,6.798870978,0.7858448,1.4171873,5848.7,1.159438
14.9961605,57.79812366,24.38680653,8.164850434,2.5902958,,3692,
17.5849,56.68706021,23.61855894,7.167705826,3.1481514,,,
12.372397,55.61507854,25.04683424,7.238080541,1.3064299,0.1771138,4983.6665,0.564522
15.859627,56.54004306,22.71021466,6.813013574,2.9858608,,3730.345,
17.669632,56.51241782,24.68199439,6.575707444,3.3416157,,,
9.982312,56.43811231,25.59560882,6.362948222,0.7758837,1.869626,5772,1.3673427
18.595245,57.42996544,24.66276972,6.683943351,3.2964058,,,
16.452833,54.76441315,24.11015812,1.313744346,1.2998514,0.12909812,4862.263,0.50633234
18.196487,58.50471943,23.32792019,7.092131138,3.2852955,,,
16.982763,57.72916283,24.55085115,6.80186747,2.9913988,,4386.975,
15.531212,56.45576759,24.41851203,7.336739089,2.4765387,,3420.6667,
14.000706,56.89678607,25.54376472,6.792325773,1.9685411,0.073522285,3873.26,0.60215575
17.598877,57.57335564,22.93288931,7.362426606,3.1872559,,,
15.638271,55.8517426,23.22490874,7.323733358,1.9933558,,4831,
8.537581,56.27733515,24.26331582,8.0033936,0.47645378,4.406881,7138.7095,1.3723942
17.076488,57.06457353,25.24331892,6.775318437,2.9987116,,,
16.234043,57.59190416,22.62550536,7.073018472,2.8717546,,3991.6833,
17.256842,55.92983106,24.54880405,6.860148147,3.0378218,,,
17.22428,57.18418728,23.26047119,7.229987939,0.65531635,,,
16.764875,56.05851174,25.53747341,6.917758963,,,,
16.541647,56.73248988,23.93987805,7.080585005,3.0091658,,4185.365,
18.987007,57.21023503,22.74150505,6.598820028,3.5115871,,,
16.326908,56.11065098,24.48635412,7.052117486,3.0891504,,4218.42,
15.538248,55.11009508,24.08977027,6.682928299,2.631671,,3654.3398,
8.201289,57.05657381,24.31821814,6.992730254,0.51014566,7.8465357,7011.135,1.8985192
16.745174,57.60485361,23.92811338,6.648185064,2.9775887,,4522.045,
17.48106,55.59229535,25.06550795,2.554589535,2.5271454,,,
16.586702,56.51447802,24.34902791,6.721193674,2.5570307,,3556.3,
16.810886,57.7796749,23.34918898,6.629057281,2.9585152,,4011.2275,
17.043743,57.32779401,23.78009599,3.263394599,2.45928,,3472,
15.897217,55.05317012,23.15978243,6.85758801,2.7696428,,4069.5598,
17.340843,58.31857531,23.34934566,6.91083772,3.1015167,,,
14.110945,57.25982449,25.72325235,2.669297724,1.3563108,0.27826503,4757.755,0.77638626
17.134586,55.76824795,25.43656923,6.747040371,3.2438421,,,
15.868452,56.98038147,23.31814295,6.474767597,2.7004519,,3820.9927,
11.551752,56.72201501,22.88075415,6.732059171,1.0697002,0.43240777,5021.875,0.86869556
15.663534,58.10007111,23.92090783,1.352131348,1.240819,0.24938406,4905.7803,0.69130677
6.9133115,57.71855016,23.96127553,3.912602491,0.1459403,,8350,
10.34908,55.85234333,23.22574852,7.177491636,0.961092,1.091812,5338.0034,1.2217121
13.727313,56.30933039,25.08863737,6.704077931,1.7710791,0.086059496,4059,0.5932175
19.309088,55.8925234,25.03782192,6.673315271,3.3864174,,,
14.454748,55.90241838,24.23213138,6.909872343,,,,
18.484653,55.49866659,24.7049449,6.969846529,3.242075,,,
11.321647,57.24379772,23.20100199,6.998760609,1.0961046,0.49246752,5042.067,0.91965353
13.883172,55.67468481,24.19928217,6.83643889,1.9294043,0.0743316,3998,0.5682688
14.61721,56.15749343,22.92085143,7.073061912,2.3609018,0.049680766,3512.19,0.60199213
11.048224,56.0612575,24.1014422,6.949594978,1.3170204,0.64818907,5000,1.0729104
17.029175,57.2179023,25.37552088,6.368546993,3.0898962,,4438.1777,
9.703188,54.78812853,24.36762875,6.955217069,0.7573662,2.007155,5924.125,1.3449146
9.779877,56.71065325,23.23900555,6.49772411,0.7465296,2.1408794,5945.6665,1.3789473
16.111353,55.86026323,22.7116778,6.457266843,2.756837,,4092.7131,
15.995258,56.05814194,25.53748268,6.744073801,3.0346317,,4608.575,
11.852763,56.92086938,22.92979524,5.779793156,1.4042444,0.5138335,4526.755,1.16544
8.186488,55.9302639,24.37439577,7.226433157,0.3529148,7.8390136,7963.1953,1.4709862
15.502478,56.52593737,25.11261587,2.085063306,1.5151691,0.14168718,4443,0.6352802
17.42207,57.44150484,22.89538761,1.730390904,2.0492382,,,
11.906063,57.76543197,22.84039511,4.196959545,1.1026592,0.81610394,4947.18,1.2297305
